Date,HomeTeam,AwayTeam,FTHG,FTAG,FTR,HS,AS,HST,AST,HF,AF,HC,AC,HY,AY,HR,AR,league
17/08/2018,Betis,Levante,0,3,A,22,6,8,4,10,10,5,3,0,2,0,0,LL
17/08/2018,Girona,Valladolid,0,0,D,13,2,1,1,21,20,3,2,1,1,0,0,LL
18/08/2018,Barcelona,Alaves,3,0,H,25,3,9,0,6,13,7,1,0,2,0,0,LL
18/08/2018,Celta,Espanol,1,1,D,12,14,2,5,13,14,8,7,3,2,0,0,LL
18/08/2018,Villarreal,Sociedad,1,2,A,16,8,7,4,16,10,4,6,2,3,0,0,LL
19/08/2018,Eibar,Huesca,1,2,A,18,8,6,6,12,13,7,0,1,1,0,0,LL
19/08/2018,Real Madrid,Getafe,2,0,H,10,4,3,1,11,27,3,0,1,7,0,0,LL
19/08/2018,Vallecano,Sevilla,1,4,A,13,17,2,8,6,15,2,6,1,0,0,0,LL
20/08/2018,Ath Bilbao,Leganes,2,1,H,17,12,5,2,12,13,6,2,4,5,0,0,LL
20/08/2018,Valencia,Ath Madrid,1,1,D,13,9,4,3,10,15,4,10,2,3,0,0,LL
24/08/2018,Getafe,Eibar,2,0,H,7,9,4,0,14,11,5,5,2,1,0,0,LL
24/08/2018,Leganes,Sociedad,2,2,D,18,7,5,6,12,9,5,0,1,2,0,0,LL
25/08/2018,Alaves,Betis,0,0,D,16,13,4,5,17,15,5,6,3,1,0,0,LL
25/08/2018,Ath Madrid,Vallecano,1,0,H,9,13,2,3,7,8,8,5,1,1,0,0,LL
25/08/2018,Valladolid,Barcelona,0,1,A,7,10,4,5,13,11,6,10,1,1,0,0,LL
26/08/2018,Espanol,Valencia,2,0,H,19,16,9,4,16,12,6,10,1,1,0,0,LL
26/08/2018,Girona,Real Madrid,1,4,A,10,20,5,8,13,11,4,7,2,3,0,0,LL
26/08/2018,Sevilla,Villarreal,0,0,D,19,14,2,6,13,14,4,5,3,2,0,0,LL
27/08/2018,Ath Bilbao,Huesca,2,2,D,14,9,4,4,17,17,3,2,2,2,0,0,LL
27/08/2018,Levante,Celta,1,2,A,15,21,6,9,14,8,7,7,2,3,0,0,LL
31/08/2018,Eibar,Sociedad,2,1,H,8,7,2,2,18,15,4,2,3,2,0,0,LL
31/08/2018,Getafe,Valladolid,0,0,D,12,7,3,4,22,14,6,7,3,1,0,0,LL
31/08/2018,Villarreal,Girona,0,1,A,13,14,3,6,15,11,7,2,3,2,0,0,LL
01/09/2018,Celta,Ath Madrid,2,0,H,10,9,4,0,12,14,2,8,4,5,0,1,LL
01/09/2018,Real Madrid,Leganes,4,1,H,17,8,8,3,11,11,8,1,1,1,0,0,LL
02/09/2018,Alaves,Espanol,2,1,H,8,11,5,7,19,13,0,12,4,3,0,0,LL
02/09/2018,Barcelona,Huesca,8,2,H,31,7,15,3,6,12,9,4,1,2,0,0,LL
02/09/2018,Betis,Sevilla,1,0,H,11,8,3,2,15,17,5,8,3,6,0,1,LL
02/09/2018,Levante,Valencia,2,2,D,13,18,4,5,14,10,3,5,4,2,1,0,LL
14/09/2018,Huesca,Vallecano,0,1,A,14,14,4,2,16,18,6,3,2,1,0,0,LL
15/09/2018,Ath Bilbao,Real Madrid,1,1,D,11,16,3,6,18,6,1,2,6,2,0,0,LL
15/09/2018,Ath Madrid,Eibar,1,1,D,18,12,9,3,5,21,14,3,2,2,0,0,LL
15/09/2018,Sociedad,Barcelona,1,2,A,8,12,5,6,18,8,1,6,1,1,0,0,LL
15/09/2018,Valencia,Betis,0,0,D,12,11,2,6,22,9,5,4,6,3,0,0,LL
16/09/2018,Espanol,Levante,1,0,H,22,16,9,4,17,13,5,4,1,2,0,0,LL
16/09/2018,Leganes,Villarreal,0,1,A,16,9,3,3,16,9,6,1,4,3,0,0,LL
16/09/2018,Sevilla,Getafe,0,2,A,15,10,1,5,10,22,7,1,3,6,0,0,LL
16/09/2018,Valladolid,Alaves,0,1,A,15,10,5,4,9,12,7,2,3,2,0,0,LL
17/09/2018,Girona,Celta,3,2,H,11,20,6,7,15,11,3,1,1,3,0,1,LL
21/09/2018,Huesca,Sociedad,0,1,A,13,7,3,1,16,12,7,5,5,3,0,2,LL
22/09/2018,Celta,Valladolid,3,3,D,12,14,5,4,9,11,7,8,2,2,0,0,LL
22/09/2018,Eibar,Leganes,1,0,H,14,4,3,2,16,17,5,2,1,1,0,0,LL
22/09/2018,Getafe,Ath Madrid,0,2,A,11,7,2,4,12,15,1,5,1,2,1,0,LL
22/09/2018,Real Madrid,Espanol,1,0,H,19,10,5,3,5,16,8,3,2,2,0,0,LL
22/09/2018,Vallecano,Alaves,1,5,A,13,11,4,7,14,12,8,4,1,2,1,0,LL
23/09/2018,Barcelona,Girona,2,2,D,22,7,11,6,9,16,8,2,3,5,1,0,LL
23/09/2018,Betis,Ath Bilbao,2,2,D,15,7,3,4,13,20,6,1,2,7,0,1,LL
23/09/2018,Levante,Sevilla,2,6,A,19,20,10,9,5,18,8,4,1,1,0,0,LL
23/09/2018,Villarreal,Valencia,0,0,D,11,12,1,2,12,12,8,6,4,1,0,1,LL
25/09/2018,Ath Madrid,Huesca,3,0,H,17,8,5,1,1,14,4,3,0,2,0,0,LL
25/09/2018,Espanol,Eibar,1,0,H,9,8,5,1,8,8,4,3,2,2,0,0,LL
25/09/2018,Sociedad,Vallecano,2,2,D,16,11,6,6,12,18,8,5,4,3,0,0,LL
26/09/2018,Ath Bilbao,Villarreal,0,3,A,12,19,2,6,3,14,6,4,1,1,0,0,LL
26/09/2018,Leganes,Barcelona,2,1,H,10,9,6,5,15,11,4,5,4,2,0,0,LL
26/09/2018,Sevilla,Real Madrid,3,0,H,16,21,7,3,16,12,5,6,3,4,0,0,LL
26/09/2018,Valencia,Celta,1,1,D,14,9,5,3,18,7,0,2,1,3,0,0,LL
27/09/2018,Alaves,Getafe,1,1,D,15,13,2,5,8,22,5,7,4,2,0,0,LL
27/09/2018,Girona,Betis,0,1,A,8,14,2,6,17,14,5,1,1,3,0,0,LL
27/09/2018,Valladolid,Levante,2,1,H,20,9,6,4,17,10,8,6,1,4,0,1,LL
28/09/2018,Vallecano,Espanol,2,2,D,11,12,5,5,13,16,5,3,3,3,0,0,LL
29/09/2018,Barcelona,Ath Bilbao,1,1,D,20,8,8,2,9,18,4,3,3,3,0,0,LL
29/09/2018,Eibar,Sevilla,1,3,A,15,7,2,5,16,9,6,3,2,3,0,0,LL
29/09/2018,Real Madrid,Ath Madrid,0,0,D,15,8,6,3,7,17,8,6,3,4,0,0,LL
29/09/2018,Sociedad,Valencia,0,1,A,10,9,5,2,13,18,3,0,3,5,0,0,LL
30/09/2018,Betis,Leganes,1,0,H,17,11,4,5,7,10,7,1,0,4,0,0,LL
30/09/2018,Huesca,Girona,1,1,D,13,14,6,4,14,14,5,5,4,2,0,0,LL
30/09/2018,Levante,Alaves,2,1,H,14,14,4,2,22,19,9,4,7,1,0,0,LL
30/09/2018,Villarreal,Valladolid,0,1,A,27,9,7,3,17,12,7,2,3,3,0,0,LL
01/10/2018,Celta,Getafe,1,1,D,8,12,2,4,13,15,3,9,2,2,0,0,LL
05/10/2018,Ath Bilbao,Sociedad,1,3,A,13,6,5,3,15,19,11,0,6,5,0,0,LL
06/10/2018,Alaves,Real Madrid,1,0,H,8,13,4,6,20,10,4,3,1,0,0,0,LL
06/10/2018,Getafe,Levante,0,1,A,15,12,4,3,17,18,10,2,4,5,1,0,LL
06/10/2018,Girona,Eibar,2,3,A,10,12,3,4,9,17,4,9,3,6,0,0,LL
06/10/2018,Leganes,Vallecano,1,0,H,13,6,4,2,12,12,6,4,1,4,0,1,LL
07/10/2018,Ath Madrid,Betis,1,0,H,13,5,5,0,16,10,6,4,5,3,0,0,LL
07/10/2018,Espanol,Villarreal,3,1,H,28,13,12,6,13,8,10,3,3,2,0,0,LL
07/10/2018,Sevilla,Celta,2,1,H,12,13,3,5,14,9,8,8,3,4,0,1,LL
07/10/2018,Valencia,Barcelona,1,1,D,10,10,3,5,11,6,5,2,2,2,0,0,LL
07/10/2018,Valladolid,Huesca,1,0,H,9,11,3,1,9,13,6,2,1,2,0,0,LL
19/10/2018,Celta,Alaves,0,1,A,19,9,9,2,9,12,6,2,2,3,0,0,LL
20/10/2018,Barcelona,Sevilla,4,2,H,23,19,9,7,10,16,5,7,0,1,0,0,LL
20/10/2018,Real Madrid,Levante,1,2,A,34,6,12,2,10,19,15,1,1,2,0,0,LL
20/10/2018,Valencia,Leganes,1,1,D,18,7,4,5,9,13,10,1,1,2,0,0,LL
20/10/2018,Villarreal,Ath Madrid,1,1,D,18,15,6,4,16,9,8,7,3,1,0,0,LL
21/10/2018,Betis,Valladolid,0,1,A,20,6,4,2,7,10,9,6,0,4,0,0,LL
21/10/2018,Eibar,Ath Bilbao,1,1,D,18,6,6,3,7,13,8,2,2,3,0,0,LL
21/10/2018,Huesca,Espanol,0,2,A,10,6,2,2,21,14,6,4,3,3,0,0,LL
21/10/2018,Vallecano,Getafe,1,2,A,10,5,3,2,14,25,6,2,5,5,1,0,LL
22/10/2018,Sociedad,Girona,0,0,D,14,12,8,2,14,15,7,6,3,1,0,0,LL
24/10/2018,Vallecano,Ath Bilbao,1,1,D,11,12,3,4,14,9,5,4,1,1,0,0,LL
26/10/2018,Valladolid,Espanol,1,1,D,15,11,2,4,16,16,5,2,4,2,0,0,LL
27/10/2018,Ath Bilbao,Valencia,0,0,D,13,11,2,3,25,22,5,2,2,5,0,0,LL
27/10/2018,Ath Madrid,Sociedad,2,0,H,14,7,4,0,10,7,10,1,2,1,0,0,LL
27/10/2018,Celta,Eibar,4,0,H,10,17,6,5,9,8,2,8,0,0,0,0,LL
27/10/2018,Girona,Vallecano,2,1,H,14,14,6,5,11,16,4,7,1,3,1,0,LL
27/10/2018,Levante,Leganes,2,0,H,9,21,4,6,12,14,3,2,2,2,0,0,LL
28/10/2018,Alaves,Villarreal,2,1,H,19,9,6,2,9,11,8,4,1,1,0,0,LL
28/10/2018,Barcelona,Real Madrid,5,1,H,13,15,8,4,17,14,4,2,2,2,0,0,LL
28/10/2018,Getafe,Betis,2,0,H,16,7,7,3,9,14,5,4,1,2,0,0,LL
28/10/2018,Sevilla,Huesca,2,1,H,15,11,4,2,9,14,4,2,2,3,0,0,LL
03/11/2018,Leganes,Ath Madrid,1,1,D,8,9,3,4,18,12,4,7,4,2,0,0,LL
03/11/2018,Real Madrid,Valladolid,2,0,H,16,12,7,2,14,7,8,6,1,0,0,0,LL
03/11/2018,Valencia,Girona,0,1,A,27,5,9,3,14,13,11,2,4,4,0,0,LL
03/11/2018,Vallecano,Barcelona,2,3,A,11,9,5,5,23,11,3,1,4,2,0,0,LL
04/11/2018,Betis,Celta,3,3,D,14,14,6,7,12,11,4,4,4,2,0,0,LL
04/11/2018,Eibar,Alaves,2,1,H,23,9,8,3,11,7,13,1,4,0,1,1,LL
04/11/2018,Huesca,Getafe,1,1,D,18,8,7,2,18,13,10,2,5,3,0,0,LL
04/11/2018,Sociedad,Sevilla,0,0,D,10,8,1,1,8,17,7,7,1,3,0,0,LL
04/11/2018,Villarreal,Levante,1,1,D,23,13,4,2,14,10,5,4,3,3,0,0,LL
05/11/2018,Espanol,Ath Bilbao,1,0,H,8,10,3,2,15,13,2,1,1,3,0,0,LL
09/11/2018,Levante,Sociedad,1,3,A,17,15,2,4,17,12,6,4,6,1,0,0,LL
10/11/2018,Ath Madrid,Ath Bilbao,3,2,H,9,6,3,5,8,15,12,2,5,4,0,1,LL
10/11/2018,Getafe,Valencia,0,1,A,17,7,3,3,23,8,6,4,3,3,1,0,LL
10/11/2018,Girona,Leganes,0,0,D,5,10,0,1,13,13,0,6,1,4,0,0,LL
10/11/2018,Valladolid,Eibar,0,0,D,9,16,1,6,16,15,4,4,2,4,0,1,LL
11/11/2018,Alaves,Huesca,2,1,H,13,9,5,2,20,13,5,4,3,4,0,0,LL
11/11/2018,Barcelona,Betis,3,4,A,20,15,5,8,13,11,10,5,4,2,1,0,LL
11/11/2018,Celta,Real Madrid,2,4,A,15,14,4,5,19,13,5,1,4,2,1,0,LL
11/11/2018,Sevilla,Espanol,2,1,H,23,15,10,7,18,10,6,3,4,2,0,0,LL
11/11/2018,Vallecano,Villarreal,2,2,D,15,11,7,5,7,12,8,4,1,3,0,1,LL
23/11/2018,Leganes,Alaves,1,0,H,13,7,6,2,10,13,5,3,2,4,0,0,LL
24/11/2018,Ath Madrid,Barcelona,1,1,D,3,8,1,2,19,12,2,8,5,3,0,0,LL
24/11/2018,Eibar,Real Madrid,3,0,H,14,9,8,3,17,8,5,4,2,1,0,0,LL
24/11/2018,Huesca,Levante,2,2,D,32,5,12,3,11,8,7,2,4,3,1,0,LL
24/11/2018,Valencia,Vallecano,3,0,H,13,13,10,3,15,14,6,5,2,4,0,1,LL
25/11/2018,Ath Bilbao,Getafe,1,1,D,8,15,4,2,10,12,2,2,5,4,0,0,LL
25/11/2018,Espanol,Girona,1,3,A,18,16,10,11,16,14,8,3,3,4,0,0,LL
25/11/2018,Sevilla,Valladolid,1,0,H,17,13,9,5,15,15,8,6,3,3,0,0,LL
25/11/2018,Villarreal,Betis,2,1,H,13,13,8,6,15,13,5,4,2,1,0,0,LL
26/11/2018,Sociedad,Celta,2,1,H,15,6,8,2,12,14,6,2,2,2,0,0,LL
30/11/2018,Vallecano,Eibar,1,0,H,5,13,2,5,15,12,1,4,5,3,0,0,LL
01/12/2018,Celta,Huesca,2,0,H,12,8,5,3,14,14,4,4,2,3,0,0,LL
01/12/2018,Getafe,Espanol,3,0,H,14,8,5,2,17,16,7,4,3,2,0,0,LL
01/12/2018,Real Madrid,Valencia,2,0,H,13,7,3,2,11,10,2,2,1,3,0,0,LL
01/12/2018,Valladolid,Leganes,2,4,A,20,14,6,5,5,13,6,5,0,3,0,0,LL
02/12/2018,Alaves,Sevilla,1,1,D,11,14,3,3,21,14,2,5,3,3,0,0,LL
02/12/2018,Barcelona,Villarreal,2,0,H,16,12,7,2,9,17,11,1,2,4,0,0,LL
02/12/2018,Betis,Sociedad,1,0,H,6,6,4,4,18,18,6,4,4,2,0,0,LL
02/12/2018,Girona,Ath Madrid,1,1,D,13,17,3,3,8,16,2,9,0,5,0,0,LL
03/12/2018,Levante,Ath Bilbao,3,0,H,17,12,7,3,11,15,2,6,3,5,0,1,LL
07/12/2018,Leganes,Getafe,1,1,D,17,6,5,2,12,13,7,2,1,2,1,0,LL
08/12/2018,Ath Madrid,Alaves,3,0,H,12,13,5,3,20,15,5,5,5,4,0,0,LL
08/12/2018,Espanol,Barcelona,0,4,A,15,17,3,9,16,10,11,4,1,0,0,0,LL
08/12/2018,Valencia,Sevilla,1,1,D,16,11,6,3,13,17,6,4,0,4,0,0,LL
08/12/2018,Villarreal,Celta,2,3,A,13,14,3,7,12,10,6,1,3,3,0,0,LL
09/12/2018,Betis,Vallecano,2,0,H,8,12,3,3,13,20,2,9,2,3,0,0,LL
09/12/2018,Eibar,Levante,4,4,D,32,14,7,5,11,7,12,3,2,2,0,0,LL
09/12/2018,Huesca,Real Madrid,0,1,A,11,5,4,4,12,10,11,6,2,2,0,0,LL
09/12/2018,Sociedad,Valladolid,1,2,A,23,10,5,6,9,16,11,6,2,2,0,0,LL
10/12/2018,Ath Bilbao,Girona,1,0,H,25,3,10,1,17,15,11,0,3,1,0,0,LL
14/12/2018,Celta,Leganes,0,0,D,15,5,2,2,11,11,10,0,3,3,0,0,LL
15/12/2018,Eibar,Valencia,1,1,D,18,11,6,4,11,15,4,2,0,1,0,0,LL
15/12/2018,Getafe,Sociedad,1,0,H,9,9,2,4,24,14,2,3,3,4,0,0,LL
15/12/2018,Real Madrid,Vallecano,1,0,H,9,11,4,3,15,18,4,4,0,3,0,0,LL
15/12/2018,Valladolid,Ath Madrid,2,3,A,8,14,2,5,16,13,9,3,4,1,0,0,LL
16/12/2018,Espanol,Betis,1,3,A,10,12,3,5,23,10,0,4,3,4,0,0,LL
16/12/2018,Huesca,Villarreal,2,2,D,30,10,13,5,12,11,13,2,4,5,0,1,LL
16/12/2018,Levante,Barcelona,0,5,A,20,16,6,9,12,9,15,3,2,3,1,0,LL
16/12/2018,Sevilla,Girona,2,0,H,17,8,5,2,18,12,5,3,2,1,0,0,LL
17/12/2018,Alaves,Ath Bilbao,0,0,D,11,6,2,3,16,13,5,3,2,2,0,0,LL
21/12/2018,Girona,Getafe,1,1,D,12,5,4,2,9,13,4,1,1,2,0,0,LL
21/12/2018,Sociedad,Alaves,0,1,A,18,9,4,3,14,11,10,1,2,4,0,0,LL
22/12/2018,Ath Bilbao,Valladolid,1,1,D,8,5,3,2,25,12,3,1,3,2,0,0,LL
22/12/2018,Ath Madrid,Espanol,1,0,H,8,18,5,4,16,13,5,9,1,1,0,0,LL
22/12/2018,Barcelona,Celta,2,0,H,9,11,5,1,14,15,4,6,0,1,0,0,LL
22/12/2018,Betis,Eibar,1,1,D,4,15,2,4,11,13,4,11,2,4,0,0,LL
23/12/2018,Leganes,Sevilla,1,1,D,13,8,4,2,14,9,3,6,3,3,0,1,LL
23/12/2018,Valencia,Huesca,2,1,H,19,11,8,4,14,15,12,5,7,4,0,0,LL
23/12/2018,Vallecano,Levante,2,1,H,18,12,8,7,13,10,3,5,2,2,0,0,LL
03/01/2019,Villarreal,Real Madrid,2,2,D,12,14,4,7,12,13,6,4,2,2,0,0,LL
04/01/2019,Espanol,Leganes,1,0,H,12,10,1,2,10,17,3,6,2,5,0,1,LL
04/01/2019,Levante,Girona,2,2,D,19,9,8,2,18,16,8,2,3,1,1,0,LL
05/01/2019,Alaves,Valencia,2,1,H,14,14,5,2,10,13,2,6,3,3,0,0,LL
05/01/2019,Huesca,Betis,2,1,H,11,7,6,1,21,7,4,6,3,2,0,0,LL
05/01/2019,Valladolid,Vallecano,0,1,A,12,9,5,5,16,23,9,5,0,3,0,0,LL
06/01/2019,Eibar,Villarreal,0,0,D,24,7,6,4,12,17,13,1,0,2,0,0,LL
06/01/2019,Getafe,Barcelona,1,2,A,10,12,2,8,23,12,4,4,4,3,0,0,LL
06/01/2019,Real Madrid,Sociedad,0,2,A,28,12,8,4,13,13,10,4,5,1,1,0,LL
06/01/2019,Sevilla,Ath Madrid,1,1,D,15,12,5,7,15,11,4,5,5,7,0,0,LL
07/01/2019,Celta,Ath Bilbao,1,2,A,17,8,3,4,16,21,3,2,2,5,0,0,LL
11/01/2019,Vallecano,Celta,4,2,H,11,13,8,4,12,8,7,5,4,1,0,0,LL
12/01/2019,Girona,Alaves,1,1,D,9,15,4,4,21,14,6,3,4,2,0,0,LL
12/01/2019,Leganes,Huesca,1,0,H,14,9,7,3,11,9,4,4,3,3,0,0,LL
12/01/2019,Valencia,Valladolid,1,1,D,17,6,5,1,15,18,7,0,2,5,0,0,LL
12/01/2019,Villarreal,Getafe,1,2,A,17,9,6,4,14,13,6,1,5,3,0,0,LL
13/01/2019,Ath Bilbao,Sevilla,2,0,H,10,10,3,4,14,14,7,6,4,3,0,0,LL
13/01/2019,Ath Madrid,Levante,1,0,H,19,7,5,2,9,17,5,2,0,3,0,0,LL
13/01/2019,Barcelona,Eibar,3,0,H,7,15,6,2,10,12,2,3,2,1,0,0,LL
13/01/2019,Betis,Real Madrid,1,2,A,9,14,2,5,9,13,6,5,2,3,0,0,LL
14/01/2019,Sociedad,Espanol,3,2,H,9,21,4,2,15,12,7,3,7,4,1,0,LL
18/01/2019,Getafe,Alaves,4,0,H,12,6,5,0,17,18,4,2,0,4,0,0,LL
19/01/2019,Celta,Valencia,1,2,A,12,13,4,8,18,12,4,6,4,3,0,0,LL
19/01/2019,Huesca,Ath Madrid,0,3,A,14,15,3,8,15,13,6,5,2,2,0,0,LL
19/01/2019,Real Madrid,Sevilla,2,0,H,23,4,6,1,9,14,7,4,2,3,0,0,LL
20/01/2019,Barcelona,Leganes,3,1,H,15,5,7,2,12,18,5,1,3,3,0,0,LL
20/01/2019,Betis,Girona,3,2,H,12,8,5,5,9,12,7,2,2,4,0,0,LL
20/01/2019,Levante,Valladolid,2,0,H,13,13,4,3,12,18,3,2,6,5,0,0,LL
20/01/2019,Vallecano,Sociedad,2,2,D,11,10,4,4,14,10,2,9,2,1,0,0,LL
20/01/2019,Villarreal,Ath Bilbao,1,1,D,3,9,1,2,17,13,1,3,4,1,0,0,LL
21/01/2019,Eibar,Espanol,3,0,H,16,6,9,0,16,10,6,2,2,5,0,0,LL
26/01/2019,Ath Madrid,Getafe,2,0,H,10,6,6,2,11,26,3,6,2,7,0,2,LL
26/01/2019,Leganes,Eibar,2,2,D,9,5,3,2,15,14,4,5,2,3,0,0,LL
26/01/2019,Sevilla,Levante,5,0,H,23,7,9,0,15,13,5,8,2,1,0,0,LL
26/01/2019,Valencia,Villarreal,3,0,H,18,14,9,5,13,8,7,4,1,3,0,0,LL
27/01/2019,Ath Bilbao,Betis,1,0,H,11,8,2,2,20,6,6,4,4,2,1,0,LL
27/01/2019,Espanol,Real Madrid,2,4,A,13,16,6,9,15,17,1,6,3,4,0,1,LL
27/01/2019,Girona,Barcelona,0,2,A,13,15,5,7,18,12,3,8,5,3,1,0,LL
27/01/2019,Sociedad,Huesca,0,0,D,8,8,1,1,9,22,5,2,0,3,0,0,LL
27/01/2019,Valladolid,Celta,2,1,H,19,8,7,3,15,19,7,5,2,5,0,1,LL
28/01/2019,Alaves,Vallecano,0,1,A,16,14,1,3,14,19,7,4,2,5,0,0,LL
01/02/2019,Huesca,Valladolid,4,0,H,11,9,7,4,17,11,7,7,6,2,0,0,LL
02/02/2019,Barcelona,Valencia,2,2,D,20,14,8,7,8,5,9,1,3,0,0,0,LL
02/02/2019,Celta,Sevilla,1,0,H,10,13,4,2,13,12,4,9,4,4,0,0,LL
02/02/2019,Levante,Getafe,0,0,D,8,9,4,2,7,15,5,5,4,3,0,0,LL
02/02/2019,Sociedad,Ath Bilbao,2,1,H,6,8,2,5,17,13,3,3,1,1,0,0,LL
03/02/2019,Betis,Ath Madrid,1,0,H,7,13,3,1,7,21,1,7,4,3,0,0,LL
03/02/2019,Eibar,Girona,3,0,H,17,6,5,2,12,9,8,5,2,1,0,0,LL
03/02/2019,Real Madrid,Alaves,3,0,H,22,8,8,1,10,12,7,2,0,3,0,0,LL
03/02/2019,Villarreal,Espanol,2,2,D,14,17,5,2,22,16,3,2,4,5,0,0,LL
04/02/2019,Vallecano,Leganes,1,2,A,15,13,6,4,19,10,5,6,6,4,0,1,LL
08/02/2019,Valladolid,Villarreal,0,0,D,9,7,3,3,13,18,8,3,3,2,0,0,LL
09/02/2019,Ath Madrid,Real Madrid,1,3,A,11,11,2,4,21,16,3,4,7,3,1,0,LL
09/02/2019,Espanol,Vallecano,2,1,H,15,9,5,3,11,19,6,2,0,2,0,0,LL
09/02/2019,Getafe,Celta,3,1,H,12,13,6,3,16,13,4,3,3,3,0,1,LL
09/02/2019,Girona,Huesca,0,2,A,13,6,7,6,9,18,13,2,3,1,1,0,LL
10/02/2019,Ath Bilbao,Barcelona,0,0,D,13,10,5,2,23,10,6,4,4,2,1,0,LL
10/02/2019,Leganes,Betis,3,0,H,16,3,4,1,22,11,4,4,4,2,0,1,LL
10/02/2019,Sevilla,Eibar,2,2,D,13,8,4,4,11,7,9,7,4,2,1,0,LL
10/02/2019,Valencia,Sociedad,0,0,D,10,8,4,1,11,18,7,5,2,4,0,0,LL
11/02/2019,Alaves,Levante,2,0,H,16,8,4,0,14,18,3,10,3,2,0,0,LL
15/02/2019,Eibar,Getafe,2,2,D,11,7,6,4,12,12,3,3,2,2,0,0,LL
16/02/2019,Barcelona,Valladolid,1,0,H,20,10,8,0,12,18,3,5,1,3,0,0,LL
16/02/2019,Celta,Levante,1,4,A,14,14,7,8,12,17,5,7,1,1,1,0,LL
16/02/2019,Sociedad,Leganes,3,0,H,15,8,6,3,10,16,4,1,4,2,0,0,LL
16/02/2019,Vallecano,Ath Madrid,0,1,A,12,4,6,3,10,14,4,6,0,1,0,0,LL
17/02/2019,Betis,Alaves,1,1,D,19,6,10,3,10,12,6,3,4,1,0,0,LL
17/02/2019,Real Madrid,Girona,1,2,A,19,14,7,6,13,18,7,0,3,2,1,0,LL
17/02/2019,Valencia,Espanol,0,0,D,21,6,1,1,12,10,10,2,2,4,0,1,LL
17/02/2019,Villarreal,Sevilla,3,0,H,12,21,6,5,7,12,6,4,4,1,0,0,LL
18/02/2019,Huesca,Ath Bilbao,0,1,A,12,9,2,4,16,11,3,5,5,1,0,0,LL
22/02/2019,Espanol,Huesca,1,1,D,13,13,2,4,9,16,7,4,2,4,0,0,LL
23/02/2019,Alaves,Celta,0,0,D,17,8,4,2,15,9,3,4,2,2,0,0,LL
23/02/2019,Ath Bilbao,Eibar,1,0,H,9,7,4,2,10,17,10,2,3,4,0,0,LL
23/02/2019,Getafe,Vallecano,2,1,H,11,7,2,2,12,13,2,2,2,1,0,0,LL
23/02/2019,Sevilla,Barcelona,2,4,A,13,17,4,8,15,11,3,8,6,1,0,0,LL
24/02/2019,Ath Madrid,Villarreal,2,0,H,15,14,7,3,9,10,6,7,0,3,0,0,LL
24/02/2019,Leganes,Valencia,1,1,D,17,6,6,1,14,10,4,2,5,3,0,0,LL
24/02/2019,Levante,Real Madrid,1,2,A,11,19,2,5,17,11,4,6,5,3,1,1,LL
24/02/2019,Valladolid,Betis,0,2,A,10,6,2,3,10,9,13,4,1,2,0,0,LL
25/02/2019,Girona,Sociedad,0,0,D,10,7,3,1,26,15,3,5,4,1,0,0,LL
01/03/2019,Vallecano,Girona,0,2,A,9,12,3,4,17,23,7,1,3,4,1,0,LL
02/03/2019,Espanol,Valladolid,3,1,H,15,14,6,3,17,8,5,3,2,2,0,0,LL
02/03/2019,Huesca,Sevilla,2,1,H,7,12,3,5,15,16,3,12,5,4,0,0,LL
02/03/2019,Real Madrid,Barcelona,0,1,A,17,10,3,4,16,13,8,6,3,2,0,0,LL
02/03/2019,Villarreal,Alaves,1,2,A,9,10,2,2,15,12,8,2,2,3,0,0,LL
03/03/2019,Betis,Getafe,1,2,A,6,11,2,5,14,14,4,4,2,2,0,0,LL
03/03/2019,Eibar,Celta,1,0,H,15,3,4,1,14,16,7,0,1,1,0,0,LL
03/03/2019,Sociedad,Ath Madrid,0,2,A,19,8,3,3,12,17,7,3,1,4,0,1,LL
03/03/2019,Valencia,Ath Bilbao,2,0,H,11,4,3,1,12,13,6,2,0,3,0,0,LL
04/03/2019,Leganes,Levante,1,0,H,14,15,3,4,15,10,2,2,6,4,0,0,LL
08/03/2019,Ath Bilbao,Espanol,1,1,D,15,5,6,2,13,20,7,0,3,5,0,0,LL
09/03/2019,Alaves,Eibar,1,1,D,16,20,3,3,10,18,3,5,1,1,0,0,LL
09/03/2019,Ath Madrid,Leganes,1,0,H,13,3,4,2,9,7,4,4,2,2,0,0,LL
09/03/2019,Barcelona,Vallecano,3,1,H,12,8,6,1,12,17,10,4,1,2,0,0,LL
09/03/2019,Getafe,Huesca,2,1,H,14,8,6,1,14,17,13,1,0,4,0,0,LL
10/03/2019,Celta,Betis,0,1,A,7,14,1,4,17,16,4,4,3,0,0,0,LL
10/03/2019,Girona,Valencia,2,3,A,18,11,8,6,13,10,6,1,1,4,0,1,LL
10/03/2019,Levante,Villarreal,0,2,A,11,13,3,5,8,21,8,2,3,5,0,0,LL
10/03/2019,Sevilla,Sociedad,5,2,H,22,9,11,2,12,13,7,2,2,2,0,0,LL
10/03/2019,Valladolid,Real Madrid,1,4,A,10,15,2,6,14,12,5,12,1,6,0,1,LL
15/03/2019,Sociedad,Levante,1,1,D,22,8,7,3,10,12,5,3,2,2,0,0,LL
16/03/2019,Ath Bilbao,Ath Madrid,2,0,H,9,9,5,2,12,4,1,7,3,1,0,0,LL
16/03/2019,Huesca,Alaves,1,3,A,7,12,2,5,21,23,2,2,1,3,0,0,LL
16/03/2019,Leganes,Girona,0,2,A,12,8,3,4,20,6,6,2,8,1,0,0,LL
16/03/2019,Real Madrid,Celta,2,0,H,22,6,7,1,15,8,9,2,1,0,0,0,LL
17/03/2019,Betis,Barcelona,1,4,A,13,16,3,9,10,11,3,7,1,2,0,0,LL
17/03/2019,Eibar,Valladolid,1,2,A,15,8,3,3,16,14,5,0,4,2,0,0,LL
17/03/2019,Espanol,Sevilla,0,1,A,13,12,3,3,11,14,6,5,3,4,1,1,LL
17/03/2019,Valencia,Getafe,0,0,D,8,9,2,1,13,22,3,5,3,4,0,0,LL
17/03/2019,Villarreal,Vallecano,3,1,H,12,7,4,3,16,7,5,5,3,3,0,0,LL
29/03/2019,Girona,Ath Bilbao,1,2,A,6,8,2,5,18,18,3,3,2,4,0,0,LL
30/03/2019,Alaves,Ath Madrid,0,4,A,14,11,4,7,10,8,9,2,2,2,0,0,LL
30/03/2019,Barcelona,Espanol,2,0,H,13,4,3,2,15,14,5,2,0,4,0,0,LL
30/03/2019,Celta,Villarreal,3,2,H,15,14,6,5,7,8,10,7,1,3,0,0,LL
30/03/2019,Getafe,Leganes,0,2,A,9,7,2,3,15,25,3,4,5,2,0,0,LL
31/03/2019,Levante,Eibar,2,2,D,7,17,2,3,9,12,6,7,2,1,0,0,LL
31/03/2019,Real Madrid,Huesca,3,2,H,16,16,8,3,9,18,4,6,1,3,0,0,LL
31/03/2019,Sevilla,Valencia,0,1,A,17,4,5,2,18,9,5,3,3,1,0,0,LL
31/03/2019,Valladolid,Sociedad,1,1,D,10,10,4,1,18,8,7,5,4,1,0,0,LL
31/03/2019,Vallecano,Betis,1,1,D,20,7,5,2,22,9,6,3,5,3,1,0,LL
02/04/2019,Ath Madrid,Girona,2,0,H,17,12,7,4,10,9,4,3,1,0,0,0,LL
02/04/2019,Espanol,Getafe,1,1,D,9,13,3,3,14,14,5,4,4,3,0,0,LL
02/04/2019,Villarreal,Barcelona,4,4,D,16,15,9,9,10,10,5,3,4,7,1,0,LL
03/04/2019,Ath Bilbao,Levante,3,2,H,14,11,7,6,13,14,2,9,3,7,0,1,LL
03/04/2019,Eibar,Vallecano,2,1,H,12,13,6,2,14,9,2,6,2,2,0,0,LL
03/04/2019,Huesca,Celta,3,3,D,23,11,7,5,9,12,5,0,2,3,0,0,LL
03/04/2019,Valencia,Real Madrid,2,1,H,11,15,4,5,9,13,6,6,2,2,0,0,LL
04/04/2019,Leganes,Valladolid,1,0,H,18,8,2,1,13,11,3,4,2,2,0,0,LL
04/04/2019,Sevilla,Alaves,2,0,H,18,5,5,2,13,19,11,1,3,4,0,0,LL
04/04/2019,Sociedad,Betis,2,1,H,15,11,7,6,12,13,3,6,2,3,0,0,LL
06/04/2019,Barcelona,Ath Madrid,2,0,H,21,9,10,2,14,12,5,1,3,4,0,1,LL
06/04/2019,Girona,Espanol,1,2,A,14,9,5,2,23,20,1,4,5,2,0,0,LL
06/04/2019,Real Madrid,Eibar,2,1,H,13,3,7,1,9,15,5,4,0,1,0,0,LL
06/04/2019,Vallecano,Valencia,2,0,H,15,12,5,3,17,10,4,7,2,3,0,0,LL
07/04/2019,Alaves,Leganes,1,1,D,6,9,1,5,17,15,3,3,6,4,0,0,LL
07/04/2019,Betis,Villarreal,2,1,H,17,10,7,4,15,14,4,3,4,4,0,0,LL
07/04/2019,Celta,Sociedad,3,1,H,11,14,4,7,16,11,2,7,2,1,0,1,LL
07/04/2019,Getafe,Ath Bilbao,1,0,H,6,9,2,1,16,18,1,2,2,1,0,0,LL
07/04/2019,Levante,Huesca,2,2,D,14,17,8,4,22,12,9,1,2,4,0,0,LL
07/04/2019,Valladolid,Sevilla,0,2,A,10,16,5,4,17,12,6,7,3,3,0,0,LL
13/04/2019,Ath Madrid,Celta,2,0,H,11,10,5,3,9,15,1,2,2,2,0,0,LL
13/04/2019,Espanol,Alaves,2,1,H,6,14,2,3,12,17,4,8,3,2,0,0,LL
13/04/2019,Huesca,Barcelona,0,0,D,6,10,1,2,18,13,6,5,1,2,0,0,LL
13/04/2019,Sevilla,Betis,3,2,H,11,12,5,7,18,8,5,4,6,3,0,0,LL
14/04/2019,Ath Bilbao,Vallecano,3,2,H,15,8,9,4,10,16,3,6,1,3,0,1,LL
14/04/2019,Girona,Villarreal,0,1,A,14,17,5,6,12,11,9,5,2,5,0,0,LL
14/04/2019,Sociedad,Eibar,1,1,D,3,17,2,2,15,18,0,3,2,2,0,0,LL
14/04/2019,Valencia,Levante,3,1,H,23,6,6,3,12,19,8,3,2,2,0,0,LL
14/04/2019,Valladolid,Getafe,2,2,D,8,8,4,3,22,18,5,3,4,4,0,1,LL
15/04/2019,Leganes,Real Madrid,1,1,D,5,13,2,6,11,12,1,5,0,3,0,0,LL
19/04/2019,Alaves,Valladolid,2,2,D,10,12,4,7,17,16,5,7,3,5,0,0,LL
20/04/2019,Barcelona,Sociedad,2,1,H,11,9,4,2,10,12,4,2,0,1,0,0,LL
20/04/2019,Celta,Girona,2,1,H,13,9,8,1,7,10,5,1,2,1,0,0,LL
20/04/2019,Eibar,Ath Madrid,0,1,A,10,8,2,4,11,12,5,8,3,1,0,0,LL
20/04/2019,Vallecano,Huesca,0,0,D,16,10,3,3,12,10,8,3,4,2,0,0,LL
21/04/2019,Betis,Valencia,1,2,A,23,4,7,3,19,13,8,2,4,2,0,1,LL
21/04/2019,Getafe,Sevilla,3,0,H,10,12,3,2,19,15,2,7,3,6,1,1,LL
21/04/2019,Levante,Espanol,2,2,D,19,14,5,7,13,15,12,7,4,1,1,0,LL
21/04/2019,Real Madrid,Ath Bilbao,3,0,H,11,5,4,3,12,16,8,2,2,4,0,0,LL
21/04/2019,Villarreal,Leganes,2,1,H,11,6,5,2,12,15,7,4,2,1,0,0,LL
23/04/2019,Alaves,Barcelona,0,2,A,6,17,1,6,19,9,1,4,3,1,0,0,LL
23/04/2019,Huesca,Eibar,2,0,H,12,7,3,4,16,16,5,3,4,1,0,0,LL
23/04/2019,Valladolid,Girona,1,0,H,13,6,4,0,17,17,4,5,4,3,0,0,LL
24/04/2019,Ath Madrid,Valencia,3,2,H,14,12,6,4,17,13,4,3,3,3,0,0,LL
24/04/2019,Espanol,Celta,1,1,D,9,18,2,6,15,8,2,4,2,1,0,0,LL
24/04/2019,Leganes,Ath Bilbao,0,1,A,14,3,1,2,11,14,2,2,1,2,0,0,LL
24/04/2019,Levante,Betis,4,0,H,6,7,4,2,9,15,3,4,2,3,0,0,LL
25/04/2019,Getafe,Real Madrid,0,0,D,9,12,5,4,17,15,9,4,1,3,0,0,LL
25/04/2019,Sevilla,Vallecano,5,0,H,20,12,11,3,10,12,5,4,1,2,0,0,LL
25/04/2019,Sociedad,Villarreal,0,1,A,13,8,2,3,11,14,6,3,2,3,0,0,LL
27/04/2019,Ath Bilbao,Alaves,1,1,D,14,14,1,3,14,17,8,6,2,2,0,0,LL
27/04/2019,Ath Madrid,Valladolid,1,0,H,13,13,1,4,19,12,7,3,4,2,0,0,LL
27/04/2019,Barcelona,Levante,1,0,H,23,7,12,2,17,12,6,3,4,3,0,0,LL
27/04/2019,Leganes,Celta,0,0,D,10,8,1,2,16,5,4,6,1,0,0,0,LL
28/04/2019,Girona,Sevilla,1,0,H,15,7,4,3,12,18,3,6,1,2,0,1,LL
28/04/2019,Sociedad,Getafe,2,1,H,11,12,7,3,17,14,5,7,2,3,0,0,LL
28/04/2019,Valencia,Eibar,0,1,A,7,13,2,3,10,15,7,6,2,3,0,0,LL
28/04/2019,Vallecano,Real Madrid,1,0,H,11,9,5,3,21,6,6,6,2,5,0,0,LL
28/04/2019,Villarreal,Huesca,1,1,D,18,13,5,3,15,22,0,1,5,2,0,1,LL
29/04/2019,Betis,Espanol,1,1,D,18,10,5,4,16,14,6,5,4,1,0,0,LL
03/05/2019,Sevilla,Leganes,0,3,A,7,9,3,5,11,23,3,4,1,1,0,0,LL
04/05/2019,Alaves,Sociedad,0,1,A,17,9,6,2,7,22,13,6,1,3,0,0,LL
04/05/2019,Celta,Barcelona,2,0,H,14,8,6,1,11,13,11,1,1,5,0,0,LL
04/05/2019,Espanol,Ath Madrid,3,0,H,11,11,5,3,11,14,5,6,1,2,0,0,LL
04/05/2019,Levante,Vallecano,4,1,H,12,20,7,3,17,12,6,7,1,4,0,1,LL
05/05/2019,Eibar,Betis,1,0,H,14,12,6,6,15,7,11,8,3,2,0,0,LL
05/05/2019,Getafe,Girona,2,0,H,13,4,8,2,15,13,1,3,3,3,0,1,LL
05/05/2019,Huesca,Valencia,2,6,A,24,10,4,7,10,9,7,5,2,1,0,0,LL
05/05/2019,Real Madrid,Villarreal,3,2,H,24,15,11,7,9,14,8,3,0,3,0,0,LL
05/05/2019,Valladolid,Ath Bilbao,1,0,H,10,9,3,1,14,22,1,3,5,5,0,0,LL
12/05/2019,Ath Bilbao,Celta,3,1,H,8,3,4,2,16,18,3,3,4,3,0,0,LL
12/05/2019,Ath Madrid,Sevilla,1,1,D,11,11,4,5,16,12,5,7,5,4,0,0,LL
12/05/2019,Barcelona,Getafe,2,0,H,13,11,8,0,9,13,4,3,1,3,0,0,LL
12/05/2019,Betis,Huesca,2,1,H,17,9,8,2,13,15,9,2,3,5,0,1,LL
12/05/2019,Girona,Levante,1,2,A,14,6,6,2,15,16,9,2,2,3,0,0,LL
12/05/2019,Leganes,Espanol,0,2,A,11,19,4,7,11,9,6,7,4,1,1,0,LL
12/05/2019,Sociedad,Real Madrid,3,1,H,19,6,7,2,12,16,5,2,1,2,0,1,LL
12/05/2019,Valencia,Alaves,3,1,H,10,10,4,3,9,14,7,4,2,5,0,0,LL
12/05/2019,Vallecano,Valladolid,1,2,A,16,9,5,6,13,9,4,2,2,2,0,0,LL
12/05/2019,Villarreal,Eibar,1,0,H,11,4,3,0,11,14,5,3,3,2,0,0,LL
18/05/2019,Alaves,Girona,2,1,H,14,13,7,4,13,10,6,4,3,3,0,0,LL
18/05/2019,Celta,Vallecano,2,2,D,14,11,5,4,16,20,3,5,0,4,0,0,LL
18/05/2019,Espanol,Sociedad,2,0,H,9,11,4,2,13,13,4,5,3,2,0,0,LL
18/05/2019,Getafe,Villarreal,2,2,D,17,8,5,4,16,20,6,4,2,3,0,0,LL
18/05/2019,Huesca,Leganes,2,1,H,15,9,6,1,18,12,4,6,0,1,0,0,LL
18/05/2019,Levante,Ath Madrid,2,2,D,17,17,7,8,9,7,6,4,0,1,0,1,LL
18/05/2019,Sevilla,Ath Bilbao,2,0,H,9,9,3,1,14,19,2,3,4,2,0,0,LL
18/05/2019,Valladolid,Valencia,0,2,A,19,9,4,6,12,10,8,2,1,3,0,0,LL
19/05/2019,Eibar,Barcelona,2,2,D,15,6,8,3,11,3,5,2,4,2,0,0,LL
19/05/2019,Real Madrid,Betis,0,2,A,9,9,2,7,17,11,1,5,4,1,0,0,LL
